title,url,releaseDate
Binance Earn Week: Complete a Quiz on COMBO to Receive a Free COMBO Locked Products Position!,https://www.binance.com/en/support/announcement/Binance-Earn-Week-Complete-a-Quiz-on-COMBO-to-Receive-a-Free-COMBO-Locked-Products-Position-caae91fc325d4c68994d8253cf67e043,1688695818080
"#BinanceTurns6: Trade on Binance P2P to Share 16,000 USDT in Token Vouchers!",https://www.binance.com/en/support/announcement/BinanceTurns6-Trade-on-Binance-P2P-to-Share-16-000-USDT-in-Token-Vouchers-555dc8c2e1204643b5cd14f2ca831870,1688623509787
"#BinanceTurns6: Collect All the Building Blocks to Unlock the Builderâ€™s Badge & Share Up to 180,000 USDT in Token Vouchers!",https://www.binance.com/en/support/announcement/BinanceTurns6-Collect-All-the-Building-Blocks-to-Unlock-the-Builder-s-Badge-Share-Up-to-180-000-USDT-in-Token-Vouchers-2ef778baef0e49699cb9908e17ef6b16,1688608204280
"Liquidity Providers Exclusive: Increase Your Weekly Trading Volume to Stand a Chance to Earn 3,000 USDT in Token Vouchers or a Fee Tier Upgrade!",https://www.binance.com/en/support/announcement/Liquidity-Providers-Exclusive-Increase-Your-Weekly-Trading-Volume-to-Stand-a-Chance-to-Earn-3-000-USDT-in-Token-Vouchers-or-a-Fee-Tier-Upgrade-abd9d22bbf6e4a2ebcf279f6f78dbbb9,1688548450614
"Binance Earn Week: Purchase the Top Ten Cryptos by Market Cap on Auto-Invest to Share 5,000 USDT in Token Vouchers",https://www.binance.com/en/support/announcement/Binance-Earn-Week-Purchase-the-Top-Ten-Cryptos-by-Market-Cap-on-Auto-Invest-to-Share-5-000-USDT-in-Token-Vouchers-a85d675dbb6a4ac298f1dfd555c9779e,1688464919348
Binance Earn Week: Earn Daily Rewards on ETH Staking & Get Up to $55 in BETH Token Vouchers,https://www.binance.com/en/support/announcement/Binance-Earn-Week-Earn-Daily-Rewards-on-ETH-Staking-Get-Up-to-$55-in-BETH-Token-Vouchers-f945d3c82cbb479cb9d5d9e3c9797172,1688360404807
"Play Word of the Day Now to Test Your Knowledge on Blockchain Education, Earn Binance Points & Redeem More Rewards!",https://www.binance.com/en/support/announcement/Play-Word-of-the-Day-Now-to-Test-Your-Knowledge-on-Blockchain-Education--Earn-Binance-Points-Redeem-More-Rewards-9a22416be70c40288a3949a293a4a138,1688349904350
Get 3% Discount on All Bookings at Alternative Airlines With Binance Pay!,https://www.binance.com/en/support/announcement/Get-3%-Discount-on-All-Bookings-at-Alternative-Airlines-With-Binance-Pay-fe472f02bddb4164815e901801fa7c95,1688119208609
"Binance P2P: Learn How to Stay Safe in P2P Trading and Share 6,500 USDT in Rewards",https://www.binance.com/en/support/announcement/Binance-P2P-Learn-How-to-Stay-Safe-in-P2P-Trading-and-Share-6-500-USDT-in-Rewards-061d9e68637447669583f8c8871da474,1688086800000
"Create Eligible Spot Trading Bots & Share 10,000 USDT in Rewards! (2023-06-30)",https://www.binance.com/en/support/announcement/Create-Eligible-Spot-Trading-Bots-Share-10-000-USDT-in-Rewards-2023-06-30-b62c661e061f41c3981fa58451b4892c,1688083200000
"Binance Earn Week: Solve Community Riddles to Share 5,000 USDT in Gift Cards",https://www.binance.com/en/support/announcement/Binance-Earn-Week-Solve-Community-Riddles-to-Share-5-000-USDT-in-Gift-Cards-8fb2b36c517a4af8a6b6a78051acb8c3,1688032834178
"Binance Earn Week: Participate in the Latest Community Games Day With Your Favorite Binance Affiliates to Share 12,000 USDT in Gift Cards",https://www.binance.com/en/support/announcement/Binance-Earn-Week-Participate-in-the-Latest-Community-Games-Day-With-Your-Favorite-Binance-Affiliates-to-Share-12-000-USDT-in-Gift-Cards-d017cdad0d3d43a49bedb72d08b6d1d4,1688029698356
"Refer and Earn: Enjoy Up to 1,000 USDT in Trading Fee Rebate Vouchers",https://www.binance.com/en/support/announcement/Refer-and-Earn-Enjoy-Up-to-1-000-USDT-in-Trading-Fee-Rebate-Vouchers-e141cd92e60544899cefd01b3ae58f74,1687935907762
Learn & Earn: Receive Free Crypto by Completing Courses & Quizzes! (2023-06-26),https://www.binance.com/en/support/announcement/Learn-Earn-Receive-Free-Crypto-by-Completing-Courses-Quizzes-2023-06-26-f85f7736fb0842b0a9ad347098429cd6,1687773603974
"Play Word of the Day Now to Test Your Knowledge on Binance Rewards Hub, Earn Binance Points & Redeem More Rewards!",https://www.binance.com/en/support/announcement/Play-Word-of-the-Day-Now-to-Test-Your-Knowledge-on-Binance-Rewards-Hub--Earn-Binance-Points-Redeem-More-Rewards-c91cea9b08084a4b88fe91a57ec5a7c8,1687745714468
"Binance Pay x Trust Wallet Giveaway: Share 50,000 ARB in Rewards!",https://www.binance.com/en/support/announcement/Binance-Pay-x-Trust-Wallet-Giveaway-Share-50-000-ARB-in-Rewards-5343b7cef5fc468bbbb36e2fa4846a9c,1687330812289
"COS Locked Products: Enjoy Exclusive APR & Get Up to 1,000 COS in Rewards!",https://www.binance.com/en/support/announcement/COS-Locked-Products-Enjoy-Exclusive-APR-Get-Up-to-1-000-COS-in-Rewards-52d270a5e08845789f2a4205e939b13a,1687325406945
Auto-Invest Adds COS: Complete a Quiz to Receive a Free Auto-Invest COS Trial Plan & Subscribe to Auto-Invest to Earn Up to 10 USDT in Token Vouchers,https://www.binance.com/en/support/announcement/Auto-Invest-Adds-COS-Complete-a-Quiz-to-Receive-a-Free-Auto-Invest-COS-Trial-Plan-Subscribe-to-Auto-Invest-to-Earn-Up-to-10-USDT-in-Token-Vouchers-819f06eaace446bbb1333ca4279a2746,1687172423718
Binance Loans Launches Promotion for Selected Proof-of-Work Tokens: Get a 30 USDT Token Voucher on Flexible Loan & Enjoy Lower Borrowing Rates on VIP Loan!,https://www.binance.com/en/support/announcement/Binance-Loans-Launches-Promotion-for-Selected-Proof-of-Work-Tokens-Get-a-30-USDT-Token-Voucher-on-Flexible-Loan-Enjoy-Lower-Borrowing-Rates-on-VIP-Loan-5c7d6524e72241efacde50f35eb23e21,1687154415050
"Eid al-Adha Challenge: Complete Missions Now to Share Up to 17,000 USDT in Rewards",https://www.binance.com/en/support/announcement/Eid-al-Adha-Challenge-Complete-Missions-Now-to-Share-Up-to-17-000-USDT-in-Rewards-65ab8306c96a4278bc071e3a25b5e0bf,1688018164489
#BinanceTurns6: Enjoy a Discount of Up to $10 on Fiat Transaction Fees!,https://www.binance.com/en/support/announcement/BinanceTurns6-Enjoy-a-Discount-of-Up-to-$10-on-Fiat-Transaction-Fees-aa7754bc7a344c028ddfb8d780aba879,1688713266136
